"chrom","pos","ref","alt"
"9",133748283,"C","T"
"9",133738363,"G","A"
"14",105246551,"C","T"
"2",29443695,"G","T"
"2",29432664,"C","T"
"X",47426121,"C","G"
"7",140453136,"A","T"
"7",55259515,"T","G"
"7",55249071,"C","T"
"17",37880261,"G","C"
"17",37880261,"G","T"
"17",37868205,"G","C"
"17",37880220,"T","C"
"17",37880220,"T","G"
"17",37879658,"G","A"
"17",37881616,"C","T"
"17",37881000,"G","T"
"17",37881332,"G","A"
"6",152419926,"A","G"
"6",152419923,"A","G"
"6",152419922,"T","A"
"6",152419923,"A","C"
"2",209113113,"G","A"
"15",90631838,"C","T"
"9",5073770,"G","T"
"4",55599321,"A","T"
"4",55593661,"T","C"
"4",55594258,"T","C"
"12",25398285,"C","A"
"12",25398284,"C","T"
"12",25398281,"C","T"
"15",66729162,"C","T"
"15",66727451,"A","C"
"1",115258744,"C","T"
"1",115256529,"T","A"
"1",115256529,"T","C"
"4",55152093,"A","T"
"4",55152092,"G","T"
"3",178936082,"G","A"
"3",178936091,"G","A"
"3",178952085,"A","G"
"10",89717672,"C","T"
"10",43609950,"C","G"
"10",43617416,"T","C"
"2",198267359,"C","A"
"17",7578406,"C","T"
"17",7577538,"C","T"
"17",7577539,"G","A"
"17",7577535,"C","G"
"17",7577121,"G","A"
"17",7577120,"C","T"
"21",44514777,"T","G"
"21",44524456,"G","A"
"7",55241707,"G","A"
"9",139399219,"C","G"
"9",139391212,"G","A"
"9",139390861,"G","TGT"
"1",162724415,"C","G"
"1",162729630,"T","G"
"1",162729671,"G","T"
"1",162741822,"G","A"
"1",162745497,"A","T"
"1",162748407,"G","T"
"1",162748390,"T","A"
"12",25398284,"C","G"
"X",100611165,"A","T"
"14",105243048,"G","T"
"2",29443613,"C","T"
"2",29443600,"G","T"
"X",66943549,"T","C"
"3",138665163,"G","C"
"4",55593464,"A","C"
"10",104852955,"C","T"
"10",104852980,"T","G"
"10",104850745,"T","G"
"11",108218044,"A","C"
"4",55141036,"T","C"
"5",1295228,"G","A"
"19",44057574,"G","A"
"12",25360224,"A","C"
"13",103498198,"A","G"
"4",55604940,"G","A"
"7",148524752,"C","C"
"1",11856378,"G","A"
"11",67352689,"A","G"
"4",89052323,"G","T"
"19",44055726,"T","C"
"7",87160618,"A","T"
"7",87138645,"A","G"
"19",45854919,"T","G"
"11",534285,"C","T"
"1",11188519,"G","A"
"1",11184580,"G","A"
"7",140453145,"A","C"
"3",178928226,"C","T"
"7",128849189,"G","C"
"2",29445270,"A","C"
"2",29432682,"C","G"
"7",55241722,"G","A"
"22",22127164,"C","T"
"12",25378561,"G","A"
"11",9599943,"A","G"
"14",65453063,"G","C"
"10",131265545,"C","T"
"18",42531913,"G","A"
"7",6426892,"C","T"
"16",69745145,"G","A"
"7",55249091,"T","A"
"2",209113112,"C","T"
"5",1286516,"C","A"
"3",38182641,"T","C"
"12",25398284,"C","A"
"1",115256530,"G","T"
"14",62213848,"T","C"
"7",55227926,"G","A"
"21",40191638,"A","G"
"7",87160618,"A","C"
"7",55228009,"C","A"
"7",55227884,"C","T"
"7",55227933,"A","C"
"1",161479745,"A","G"
"1",161514542,"A","C"
"1",161643798,"T","C"
"7",55242487,"C","T"
"15",74315213,"C","T"
"15",74315219,"T","C"
"4",55955969,"C","T"
"4",55968180,"T","A"
"16",2130300,"C","T"
"1",11187094,"G","T"
"17",33433425,"G","A"
"12",25398255,"G","A"
"4",55602765,"G","C"
"12",69202580,"T","G"
"17",37881404,"C","A"
"4",55961059,"G","A"
"17",7579548,"G","A"
"8",38274849,"G","T"
"6",117638365,"G","T"
"6",117630062,"A","G"
"6",117631376,"C","G"
"2",29445213,"A","G"
"2",29443679,"C","G"
"12",25398285,"C","G"
"17",7579472,"G","C"
"13",28624294,"G","A"
"1",11184573,"G","T"
"1",11217230,"C","T"
"1",11190804,"C","T"
"10",123258034,"A","T"
"19",49377242,"G","C"
"2",29436859,"A","C"
"12",58145431,"G","A"
"7",55249005,"G","T"
"2",198266834,"T","C"
"19",7975157,"G","A"
"1",11187857,"C","T"
"4",55144547,"C","T"
"7",140453154,"T","G"
"7",140453154,"T","A"
"7",140453145,"A","T"
"7",140453134,"T","C"
"7",140453146,"G","C"
"2",29445213,"A","T"
"2",29445213,"A","C"
"9",80409488,"T","G"
"1",11177096,"C","A"
"1",11187796,"G","A"
"7",140453154,"T","C"
"13",28592642,"C","G"
"13",28592642,"C","G/A"
"1",65321333,"G","A"
"15",66729154,"G","C"
"4",1803568,"C","G"
"3",10191605,"C","T"
"19",1220489,"C","A"
"10",89692904,"C","T"
"9",21975017,"C","T"
"3",105439026,"G","A"
"7",116423407,"G","A"
"2",202149589,"G","C"
"7",140477794,"A","T"
"13",32968854,"C","A"
"1",8073509,"C","A"
"6",152415537,"T","C"
"7",140453149,"C","A"
"12",111884608,"T","C"
"12",56478854,"G","A"
"12",56478851,"C","G"
"12",56481922,"G","A"
"1",68152388,"T","C"
"7",55242511,"G","T"
"9",135771933,"G","A"
"7",55242500,"A","G"
"7",55242467,"A","G"
"2",47656951,"C","T"
"3",37056036,"G","A"
"1",97915614,"C","T"
"1",97981343,"A","C"
"3",37042536,"C","T"
"3",37045935,"C","T"
"3",37038139,"T","C"
"3",37035039,"A","T"
"3",37092143,"A","T"
"3",37058999,"C","G"
"3",37081770,"A","C"
"3",37067359,"G","A"
"3",37048546,"C","T"
"3",37053589,"C","T"
"3",37038192,"G","A"
"3",37038196,"T","G"
"3",37038187,"G","A"
"3",37090447,"C","T"
"2",48018217,"C","A"
"2",48033421,"G","A"
"7",6031649,"G","A"
"3",37070334,"T","C"
"2",47637380,"A","T"
"17",46805705,"C","T"
"2",47690231,"A","G"
"2",48026176,"G","A"
"2",48033420,"C","T"
"12",21331549,"T","C"
"12",21329738,"A","G"
"18",657646,"C","T"
"12",56491672,"T","C"
"22",29121087,"A","G"
"9",8521481,"C","T"
"3",10183696,"G","A"
"7",116423408,"A","T"
"21",36259163,"T","C"
"21",36171704,"G","T"
"21",36231792,"C","A"
"21",36252962,"C","G"
"5",176942767,"G","A"
"17",37880991,"A","TGGCTGG"
"3",10188302,"G","T"
"1",65311203,"C","A"
"X",47429340,"T","A"
"20",57484420,"C","T"
"10",89711899,"C","T"
"3",10183534,"G","A"
"3",10183550,"A","G"
"3",10183605,"C","T"
"4",55141083,"C","T"
"4",55152090,"G","A"
"4",55152101,"C","T"
"4",55152126,"G","A"
"X",100613633,"T","C"
"17",37881392,"A","G"
"17",37880989,"T","C"
"17",37881378,"A","G"
"17",37881440,"C","T"
"20",57428713,"T","C"
"1",115258747,"C","T"
"17",7577548,"C","T"
"2",209113112,"C","A"
"3",178936091,"G","C"
"3",178936092,"A","C"
"3",178936092,"A","G"
"3",178936092,"A","T"
"3",178936094,"C","A"
"3",178936094,"C","G"
"3",178936095,"A","C"
"3",178936095,"A","G"
"3",178936095,"A","T"
"1",115256528,"T","G"
"1",115258745,"C","G"
"1",115258748,"C","A"
"11",108204681,"A","G"
"11",108236086,"C","T"
"12",25378562,"C","G"
"12",25378562,"C","T"
"12",25380275,"T","G"
"12",25380276,"T","A"
"12",25380276,"T","C"
"12",25380277,"G","T"
"12",25398285,"C","T"
"17",7577082,"C","T"
"17",7577094,"G","A"
"17",7577120,"C","A"
"17",7578190,"T","C"
"17",7578525,"G","C"
"2",209113113,"G","C"
"2",209113113,"G","T"
"3",178916876,"G","A"
"3",178921553,"T","A"
"3",178927980,"T","C"
"3",178936082,"G","C"
"3",178936093,"G","C"
"3",178952072,"A","G"
"3",178952074,"G","T"
"3",178952084,"C","T"
"3",178952090,"G","A"
"3",178952090,"G","C"
"4",55141036,"T","A"
"4",55593610,"T","A"
"4",55593613,"T","A"
"4",55593613,"T","G"
"4",55594221,"A","G"
"4",55599320,"G","C"
"4",55599332,"G","T"
"4",55599338,"A","C"
"4",55599341,"T","G"
"4",55602664,"G","C"
"7",140481402,"C","G"
"7",140481402,"C","T"
"7",55211080,"G","A"
"7",55221743,"A","C"
"7",55221822,"C","T"
"7",55233043,"G","T"
"7",55241708,"G","C"
"7",55242455,"T","C"
"7",55259434,"G","A"
"7",55259454,"C","G"
"7",55259524,"T","A"
"9",133738349,"G","A"
"9",133748290,"C","G"
"9",133748391,"T","C"
"17",7577547,"C","T"
"17",7577085,"C","T"
"17",7577095,"G","C"
"17",7577106,"G","A"
"17",7577111,"G","A"
"17",7577129,"A","G"
"17",7577142,"C","G"
"17",7577551,"C","T"
"17",7577556,"C","A"
"17",7577556,"C","G"
"17",7577556,"C","T"
"17",7577570,"C","A"
"17",7577580,"T","C"
"17",7578271,"T","C"
"17",7578394,"T","C"
"17",7578395,"G","A"
"17",7578461,"C","A"
"17",7578478,"G","T"
"7",140481417,"C","A"
"17",7577093,"C","A"
"17",7578211,"C","G"
"17",7578449,"C","T"
"3",178952085,"A","T"
"11",108115729,"A","T"
"11",108142131,"T","G"
"11",108180913,"A","T"
"11",108192134,"G","T"
"11",108199938,"T","C"
"11",108206614,"T","G"
"11",108170479,"G","C"
"11",108186827,"C","T"
"11",108201096,"G","A"
"3",178928079,"G","A"
"3",178916890,"C","T"
"3",178916930,"G","T"
"7",55249028,"C","T"
"9",133747568,"A","T"
"7",140453193,"T","C"
"7",55259532,"G","A"
"7",55259419,"A","G"
"7",140434515,"G","A"
"3",178916929,"G","C"
"3",178916944,"A","G"
"3",178928079,"G","C"
"12",25368454,"C","T"
"1",243859016,"C","T"
"9",133750319,"C","A"
"9",133750330,"G","C"
"9",133750361,"G","C"
"3",178916946,"G","C"
"3",178927410,"A","G"
"17",41228590,"G","A"
"13",32890599,"T","G"
"13",32890600,"G","T"
"13",32900287,"G","A"
"13",32900751,"G","C"
"13",32900751,"G","A"
"13",32921033,"G","C"
"10",43609070,"G","A"
"4",55599340,"T","A"
"4",55599299,"T","G"
"4",55599333,"A","C"
"4",55599333,"A","G"
"4",55595519,"C","T"
"6",117638347,"C","T"
"15",66727455,"G","T"
"2",29443625,"G","A"
"3",41266124,"A","G"
"3",41266137,"C","T"
"3",41266136,"T","C"
"3",10183555,"G","A"
"2",29436860,"A","C"
"13",28592641,"T","A"
"20",57484421,"G","A"
"4",1807889,"A","G"
"7",140453137,"C","T"
"7",55241708,"G","A"
"7",55259455,"T","C"
"7",55259482,"C","T"
"7",55259493,"G","A"
"7",55259524,"T","G"
"7",55259545,"A","G"
"9",133750328,"T","A"
"9",133753844,"C","G"
"3",178917598,"C","T"
"3",178916854,"G","A"
"3",178952091,"G","C"
"9",133747585,"C","G"
"9",133748270,"T","A"
"9",133750259,"C","A"
"9",133753888,"G","C"
"1",27057658,"C","T"
"9",133748367,"T","C"
"9",133748288,"T","G"
"9",133747528,"G","A"
"9",133747592,"A","G"
"9",133748270,"T","C"
"9",133748331,"A","G"
"9",133750260,"T","C"
"9",133750356,"A","C"
"9",133753880,"A","T"
"9",133753888,"G","A"
"9",133753889,"A","C"
"9",133755469,"C","G"
"4",55593608,"G","TCCT"
"17",41199682,"C","T"
"4",55599322,"C","G"
"7",128846398,"C","T"
"7",55242422,"G","T"
"7",55242430,"G","C"
"7",55249055,"A","G"
"7",55249092,"G","A"
"7",55249103,"T","C"
"9",133747558,"G","A"
"9",133750304,"G","A"
"9",133750331,"A","T"
"9",133750419,"C","A"
"9",133753879,"G","C"
"9",133748288,"T","A"
"7",140453149,"C","G"
"9",133748346,"A","G"
"19",50905879,"G","A"
"19",50906459,"G","A"
"19",18278061,"A","G"
"3",178921567,"A","G"
"1",115251191,"G","A"
"9",133748333,"C","T"
"4",55594180,"G","A"
"3",12633229,"T","A"
"9",5070054,"T","G"
"2",158622516,"C","A"
"17",7578457,"C","T"
"17",7577534,"C","A"
"17",7577099,"C","T"
"17",7577099,"C","G"
"17",7578457,"C","A"
"3",10183667,"G","T"
"3",10183685,"G","A"
"3",10183694,"G","T"
"3",10191480,"T","C"
"3",10191507,"G","A"
"3",10183823,"T","C"
"3",10188202,"C","A"
"3",10188214,"C","G"
"3",10188302,"G","A"
"3",10191477,"C","T"
"3",10191489,"G","A"
"3",10191506,"C","T"
"3",10191540,"T","C"
"3",10183748,"C","T"
"3",10183763,"A","C"
"3",10183764,"A","G"
"3",10183764,"A","C"
"3",10183770,"G","T"
"3",10183787,"C","G"
"3",10183788,"C","T"
"3",10183793,"T","A"
"3",10183863,"G","A"
"3",10183864,"C","G"
"3",10183867,"C","A"
"3",10188208,"G","T"
"3",10188261,"T","A"
"3",10191491,"T","C"
"3",10191492,"G","T"
"3",10191493,"C","G"
"3",10191504,"T","A"
"3",10191558,"T","C"
"3",10191563,"G","T"
"3",10191563,"G","A"
"3",10188318,"C","T"
"3",10191555,"C","A"
"3",10183725,"C","G"
"3",10183725,"C","T"
"3",10183767,"G","C"
"3",10183771,"T","G"
"3",10183797,"T","C"
"3",10183811,"G","T"
"3",10183868,"C","T"
"3",10183871,"G","T"
"3",10188210,"T","C"
"3",10188264,"T","C"
"3",10191479,"C","G"
"3",10191488,"C","T"
"3",10191515,"G","T"
"3",10191545,"A","G"
"3",10191558,"T","G"
"3",10191562,"C","G"
"3",10191590,"C","T"
"3",10183725,"C","A"
"3",10188219,"A","G"
"3",10188264,"T","G"
"3",10183781,"G","T"
"3",10188203,"C","G"
"3",10191492,"G","A"
"3",10191503,"G","T"
"3",10191516,"T","A"
"3",10191536,"A","T"
"12",133253184,"G","C"
"12",133250289,"C","G"
"3",10183739,"G","T"
"3",10183758,"T","C"
"3",10191569,"C","G"
"3",10183772,"C","T"
"3",10183844,"A","C"
"3",10183851,"G","C"
"3",10191497,"C","T"
"3",10191530,"T","G"
"3",10183817,"C","T"
"3",10183788,"C","G"
"3",10188287,"G","T"
"3",10191570,"T","C"
"3",10191489,"G","C"
"3",10191498,"A","G"
"3",10183871,"G","C"
"3",10183809,"G","A"
"3",10183808,"G","A"
"3",10191570,"T","A"
"3",10183865,"T","C"
"3",10183722,"G","C"
"3",10188309,"T","C"
"3",10183733,"T","C"
"3",10183770,"G","A"
"3",10188290,"C","T"
"3",10188201,"A","C"
"3",10188240,"T","G"
"3",10191513,"T","C"
"3",10191540,"T","G"
"7",55249023,"T","C"
"7",55249022,"G","A"
"7",55249118,"A","G"
"7",55259418,"A","T"
"7",55259467,"A","G"
"3",10183787,"C","T"
"3",10183724,"T","C"
"3",10183745,"T","C"
"3",10183795,"G","A"
"3",10191471,"T","A"
"3",10191593,"A","T"
"3",10188215,"A","G"
"3",10191488,"C","G"
"3",10191507,"G","T"
"3",10183808,"G","C"
"3",10188200,"C","T"
"3",10188315,"T","C"
"3",10191570,"T","G"
"3",10188269,"C","A"
"3",10191532,"C","A"
"3",10183824,"A","G"
"3",10191471,"T","G"
"3",10191516,"T","G"
"3",10191474,"A","G"
"3",10188250,"C","A"
"3",10183739,"G","A"
"3",10188202,"C","G"
"3",10188319,"A","C"
"3",10183769,"A","C"
"3",10183794,"G","C"
"3",10191473,"T","G"
"3",10191475,"T","G"
"3",10191532,"C","G"
"3",10188245,"G","C"
"3",10191470,"G","A"
"3",10183776,"G","C"
"3",10191648,"G","T"
"3",10191649,"A","G"
"3",10191649,"A","T"
"3",10191470,"G","T"
"3",10191469,"A","T"
"3",10188251,"C","T"
"3",10191540,"T","A"
"3",10188321,"G","C"
"3",10183752,"T","G"
"3",10188201,"A","G"
"3",10188249,"A","G"
"3",10183850,"C","G"
"3",10183808,"G","T"
"3",10183809,"G","T"
"3",10191600,"T","A"
"3",10183724,"T","G"
"3",10183734,"C","G"
"3",10191473,"T","A"
"3",10183785,"T","C"
"3",10191656,"C","G"
"3",10183871,"G","A"
"3",10188310,"C","G"
"3",10191495,"T","A"
"3",10183764,"A","T"
"3",10183842,"G","C"
"3",10183862,"A","T"
"14",95560476,"C","T"
"14",95557630,"C","G"
"3",10183793,"T","C"
"3",10191530,"T","A"
"3",10191531,"A","G"
"3",10188322,"T","C"
"3",10191470,"G","C"
"3",10191469,"A","G"
"3",10191498,"A","T"
"3",10183781,"G","A"
"3",10183876,"G","C"
"3",10183872,"G","A"
"3",10188252,"A","C"
"3",10188196,"A","C"
"3",10191488,"C","A"
"3",10188308,"A","T"
"3",10183794,"G","A"
"3",10191719,"C","A"
"3",10188306,"A","G"
"7",140481411,"C","A"
"7",140453118,"C","T"
"7",140434507,"G","T"
"2",158622517,"C","A"
"3",10188288,"G","A"
"3",10188328,"C","T"
"3",10183843,"C","G"
"3",10183804,"C","G"
"17",37881064,"C","T"
"7",55241666,"G","A"
"9",133738343,"T","G"
"9",133748289,"T","C"
"9",133748289,"T","G"
"8",68939530,"G","T"
"9",133753906,"G","A"
"1",36933434,"G","A"
"4",1807494,"G","A"
"4",1803564,"C","T"
"4",1806099,"A","G"
"4",1806119,"G","C"
"4",1806089,"G","T"
"1",226064434,"A","T"
"3",10183842,"G","T"
"3",10191504,"T","C"
"3",10188270,"C","G"
"3",10183806,"A","G"
"3",10191507,"G","C"
"3",10191647,"T","G"
"3",10188243,"T","C"
"3",10188249,"A","C"
"7",55227854,"G","T"
"17",7577568,"C","T"
"7",148508727,"T","G"
"15",88476265,"C","T"
"17",7578212,"G","A"
"7",116412025,"C","G"
"7",140453142,"G","A"
"10",104857107,"G","A"
"10",104850483,"G","A"
"18",60985598,"C","A"
"7",148508727,"T","A"
"3",178948091,"G","A"
"13",28592642,"C","A"
"11",17741694,"T","G"
"3",10188239,"C","T"
"18",60985590,"A","T"
"7",55220274,"C","T"
"7",148508728,"A","G"
"7",55211097,"G","A"
"7",148508727,"T","C"
"4",1807891,"G","C"
"4",1807890,"A","T"
"4",1807889,"A","C"
"4",1807890,"A","C"
"4",1806153,"C","A"
"4",1808331,"G","T"
"7",148508728,"A","T"
"9",133747520,"A","G"
"17",74732959,"G","A"
"17",74732959,"G","T"
"2",29443631,"G","T"
"2",29445258,"C","T"
"7",116412043,"G","A"
"7",148506437,"G","A"
"7",148506467,"G","C"
"9",133738357,"T","C"
"9",133738330,"A","G"
"9",133748414,"T","G"
"9",133738364,"A","T"
"9",133748414,"T","A"
"9",133748403,"A","G"
"9",133748415,"T","G"
"9",133750356,"A","G"
"9",133738342,"C","G"
"9",133738356,"G","C"
"9",133755488,"T","C"
"9",133750358,"G","C"
"9",133750431,"A","G"
"9",133747588,"G","C"
"9",133748282,"A","G"
