variant,file_1,file_2,file_3,file_4,file_5,file_6
I;509;G;A,1,1,0,0,0,0
I;528;T;C,1,1,0,0,0,0
I;553;CTCAGCGG;C,1,1,0,0,0,0
I;575;CA;TC,1,1,0,0,0,0
I;582;C;G,1,1,0,0,0,0
I;588;CG;AT,1,1,0,0,0,0
I;595;C;G,1,1,0,0,0,0
I;599;A;G,1,1,0,0,0,0
I;632;GTC;ACA,1,1,0,0,0,0
I;633;T;C,1,1,0,0,0,0
I;654;C;T,1,1,0,0,0,0
I;681;G;A,1,1,0,0,0,0
I;693;T;A,1,1,0,0,0,0
I;701;C;A,1,1,0,0,0,0
I;703;T;A,1,1,0,0,0,0
I;709;T;C,1,1,0,0,0,0
I;719;T;C,1,1,0,0,0,0
I;937;C;T,1,1,0,0,0,0
I;968;C;T,1,1,0,1,0,1
I;970;G;A,1,1,0,0,0,0
I;980;AA;GC,1,1,0,0,0,0
I;2654;C;T,1,1,0,0,0,0
I;27983;T;A,1,1,0,0,0,0
I;27997;T;C,1,1,0,0,0,0
I;28007;G;C,1,1,0,0,0,0
I;28008;C;CA,1,1,0,0,0,0
I;29508;T;C,1,1,0,0,0,0
I;29522;T;A,1,1,0,0,0,0
I;29530;C;T,1,1,0,0,0,0
I;29534;G;GT,1,1,0,0,0,0
I;29552;CG;C,1,1,0,0,0,0
I;29554;G;A,1,1,0,0,0,0
I;29564;T;C,1,1,0,0,0,0
I;49103;C;T,1,1,0,0,0,0
I;49114;T;C,1,1,0,0,0,0
I;51095;G;A,1,1,0,0,0,0
I;52846;G;A,1,1,0,0,0,0
I;52849;A;G,1,1,0,0,0,0
I;52858;T;C,1,1,0,0,0,0
I;55508;T;C,1,1,0,0,0,0
I;86653;T;G,1,1,0,0,0,0
I;88638;A;G,1,1,0,0,0,0
I;88645;G;C,1,1,0,0,0,0
I;116327;T;C,1,1,0,0,0,0
I;139880;C;CGG,1,1,0,0,0,0
I;139882;GCA;G,1,1,0,0,0,0
I;139890;CT;TC,1,1,0,0,0,0
I;139950;C;T,1,1,0,0,0,0
I;139956;A;G,1,1,0,0,0,0
I;141135;A;T,1,1,0,0,0,0
I;152932;A;G,1,1,0,0,0,0
I;152970;C;T,1,1,0,0,0,0
I;153762;A;G,1,1,0,0,0,0
I;156314;TA;CG,1,1,0,0,0,0
I;166602;T;G,1,1,0,0,0,0
I;184481;C;A,1,1,0,0,0,0
I;184488;T;C,1,1,0,0,0,0
I;184492;T;C,1,1,0,0,0,0
I;184498;T;C,1,1,0,0,0,0
I;184510;T;C,1,1,0,0,0,0
I;185303;A;G,1,1,0,0,0,0
I;185314;G;A,1,1,0,0,0,0
I;185749;T;G,1,1,0,0,0,0
I;210565;T;C,1,1,0,0,0,0
I;210584;T;C,1,1,0,0,0,0
I;210607;C;T,1,1,0,0,0,0
I;221927;C;T,1,1,0,0,0,0
I;224831;T;A,1,1,0,0,0,0
I;228446;G;C,1,1,0,0,0,0
I;228491;G;T,1,1,0,0,0,0
I;228673;A;G,1,0,0,0,0,0
I;228686;C;A,1,1,0,0,0,0
I;229275;T;C,1,0,0,0,0,0
I;229279;A;C,1,0,0,0,0,0
I;402;C;T,0,1,0,0,0,0
I;743;A;T,0,1,0,0,0,0
I;772;CT;TC,0,1,0,0,0,0
I;777;C;A,0,1,0,0,0,0
I;1197;G;T,0,1,0,0,0,0
I;1217;C;T,0,1,0,0,0,0
I;1238;C;T,0,1,0,0,0,0
I;1263;C;T,0,1,0,0,0,0
I;1269;G;A,0,1,0,0,0,0
I;2331;A;C,0,1,0,0,0,0
I;2340;T;C,0,1,0,0,0,0
I;2353;T;C,0,1,0,0,0,0
I;2358;C;G,0,1,0,0,0,0
I;28083;T;C,0,1,0,0,0,0
I;28117;G;C,0,1,0,0,0,0
I;28127;T;C,0,1,0,0,0,0
I;30153;G;A,0,1,0,0,0,0
I;30157;CA;C,0,1,0,0,0,0
I;37315;T;A,0,1,0,0,0,0
I;42115;T;C,0,1,0,0,0,0
I;50024;C;T,0,1,0,0,0,0
I;55327;C;A,0,1,0,0,0,0
I;56786;G;A,0,1,0,0,0,0
I;74047;C;T,0,1,0,0,0,0
I;74050;A;G,0,1,0,0,0,0
I;82379;G;A,0,1,0,0,0,0
I;94472;G;A,0,1,0,0,0,0
I;107538;G;A,0,1,0,0,0,0
I;135222;G;A,0,1,0,0,0,0
I;140286;A;G,0,1,0,0,0,0
I;140304;A;G,0,1,0,0,0,0
I;140311;G;C,0,1,0,0,0,0
I;140346;T;A,0,1,0,0,0,0
I;149467;C;T,0,1,0,0,0,0
I;151834;C;A,0,1,0,0,0,0
I;154086;A;G,0,1,0,0,0,0
I;158503;C;T,0,1,0,0,0,0
I;176230;T;C,0,1,0,0,0,0
I;176266;A;T,0,1,0,0,0,0
I;176273;A;G,0,1,0,0,0,0
I;179772;T;C,0,1,0,0,0,0
I;179796;A;C,0,1,0,0,0,0
I;195677;A;G,0,1,0,0,0,0
I;220292;G;C,0,1,0,0,0,0
I;221739;C;T,0,1,0,0,0,0
I;227665;G;A,0,1,0,0,0,0
I;227697;C;T,0,1,0,0,0,0
I;227707;A;C,0,1,0,0,0,0
I;227777;TC;CT,0,1,0,0,0,0
I;228667;T;C,0,1,0,0,0,0
I;228673;AG;GA,0,1,0,0,0,0
I;229101;T;C,0,1,0,0,0,0
I;229104;C;T,0,1,0,0,0,0
I;229122;A;T,0,1,0,0,0,0
I;229125;C;T,0,1,0,0,0,0
I;229128;T;C,0,1,0,0,0,0
I;453;A;AC,0,0,1,0,1,0
I;1849;G;A,0,0,1,1,1,1
I;2146;G;A,0,0,1,1,1,1
I;2477;G;A,0,0,1,1,1,1
I;2486;A;G,0,0,1,1,1,1
I;2499;C;CGG,0,0,1,1,1,1
I;2501;A;G,0,0,1,1,1,1
I;2510;AT;GA,0,0,1,1,1,1
I;2523;CT;GC,0,0,1,1,1,1
I;2524;T;C,0,0,1,1,1,1
I;2526;T;C,0,0,1,1,1,1
I;2533;G;T,0,0,1,1,1,1
I;2535;CA;AG,0,0,1,1,1,1
I;2542;T;G,0,0,1,1,1,1
I;2548;G;A,0,0,1,1,1,1
I;38980;G;A,0,0,1,1,1,1
I;39009;T;C,0,0,1,1,1,1
I;50204;A;G,0,0,1,1,1,1
I;50660;T;A,0,0,1,1,1,1
I;50663;C;T,0,0,1,1,1,1
I;52613;G;A,0,0,1,1,1,1
I;56871;C;T,0,0,1,1,1,1
I;56878;T;C,0,0,1,1,1,1
I;56888;G;GT,0,0,1,1,1,1
I;56904;G;C,0,0,1,1,1,1
I;59659;C;G,0,0,1,1,1,1
I;138499;G;A,0,0,1,1,1,1
I;141342;A;G,0,0,1,1,1,1
I;141360;C;A,0,0,1,1,1,1
I;141374;C;A,0,0,1,1,1,1
I;141390;C;G,0,0,1,1,1,1
I;141396;T;G,0,0,1,1,1,1
I;141399;T;A,0,0,1,1,1,1
I;143622;A;G,0,0,1,1,1,1
I;143638;C;A,0,0,1,1,1,1
I;143679;G;A,0,0,1,1,1,1
I;145720;G;A,0,0,1,1,1,1
I;158824;G;C,0,0,1,1,1,1
I;158827;G;A,0,0,1,1,1,1
I;158870;T;C,0,0,1,1,1,1
I;158971;A;G,0,0,1,1,1,1
I;179942;C;T,0,0,1,1,1,1
I;179951;A;C,0,0,1,1,1,1
I;183881;T;C,0,0,1,1,1,1
I;184235;A;G,0,0,1,1,1,1
I;184256;A;G,0,0,1,1,1,1
I;184921;A;T,0,0,1,1,1,1
I;186596;G;A,0,0,1,1,1,1
I;186619;C;A,0,0,1,1,1,1
I;192954;C;A,0,0,1,1,1,1
I;194241;C;T,0,0,1,1,1,1
I;197024;A;G,0,0,1,1,1,1
I;202763;C;G,0,0,1,1,1,1
I;202777;T;C,0,0,1,1,1,1
I;221802;A;G,0,0,1,1,1,1
I;221809;C;T,0,0,1,1,1,1
I;221828;C;A,0,0,1,1,1,1
I;221831;G;C,0,0,1,1,1,1
I;226704;C;T,0,0,1,1,1,1
I;226727;A;G,0,0,1,1,1,1
I;772;C;T,0,0,0,1,0,1
I;774;T;C,0,0,0,1,0,1
I;781;A;C,0,0,0,1,0,1
I;925;T;C,0,0,0,1,0,1
I;948;TT;CC,0,0,0,1,0,1
I;956;C;T,0,0,0,1,0,1
I;958;A;T,0,0,0,1,0,1
I;961;A;T,0,0,0,1,0,1
I;973;G;C,0,0,0,1,0,1
I;975;G;GT,0,0,0,1,0,1
I;977;C;T,0,0,0,1,0,1
I;981;A;C,0,0,0,1,0,1
I;2216;G;A,0,0,0,1,0,1
I;2219;A;T,0,0,0,1,0,1
I;2238;A;G,0,0,0,1,0,1
I;27804;C;A,0,0,0,1,0,1
I;27810;T;C,0,0,0,1,0,1
I;27816;G;A,0,0,0,1,0,1
I;27822;TC;CA,0,0,0,1,0,1
I;27825;C;T,0,0,0,1,0,1
I;32949;G;T,0,0,0,1,0,1
I;37541;T;C,0,0,0,1,0,1
I;37553;A;G,0,0,0,1,0,1
I;39105;A;G,0,0,0,1,0,1
I;39123;C;T,0,0,0,1,0,1
I;39162;C;G,0,0,0,1,0,1
I;43137;C;T,0,0,0,1,0,1
I;57155;G;A,0,0,0,1,0,1
I;58376;G;A,0,0,0,1,0,1
I;59349;A;C,0,0,0,1,0,1
I;76368;G;C,0,0,0,1,0,1
I;76386;G;A,0,0,0,1,0,1
I;76417;T;C,0,0,0,1,0,1
I;89266;A;C,0,0,0,1,0,1
I;89268;T;C,0,0,0,1,0,1
I;136041;G;A,0,0,0,1,0,1
I;136057;A;G,0,0,0,1,0,1
I;141030;T;A,0,0,0,1,0,1
I;141984;T;C,0,0,0,1,0,1
I;150303;G;A,0,0,0,1,0,1
I;176895;G;T,0,0,0,1,0,1
I;176898;A;G,0,0,0,1,0,1
I;176901;A;G,0,0,0,1,0,1
I;176904;A;G,0,0,0,1,0,1
I;176916;A;G,0,0,0,1,0,1
I;176921;AA;GG,0,0,0,1,0,1
I;176940;TT;GG,0,0,0,1,0,1
I;176949;T;A,0,0,0,1,0,1
I;176964;G;A,0,0,0,1,0,1
I;176979;A;G,0,0,0,1,0,1
I;176997;G;A,0,0,0,1,0,1
I;177000;A;G,0,0,0,1,0,1
I;177046;A;G,0,0,0,1,0,1
I;189929;T;TGG,0,0,0,1,0,1
I;189932;AAG;A,0,0,0,1,0,1
I;198013;T;A,0,0,0,1,0,1
I;198022;A;G,0,0,0,1,0,1
I;198027;C;T,0,0,0,1,0,1
I;198030;C;CA,0,0,0,1,0,1
I;226602;T;C,0,0,0,1,0,1
I;226608;T;C,0,0,0,1,0,1
I;226614;G;A,0,0,0,1,0,1
I;226620;G;A,0,0,0,1,0,1
I;226626;C;T,0,0,0,1,0,1
I;226629;T;C,0,0,0,1,0,1
I;226638;T;C,0,0,0,1,0,1
I;226641;T;C,0,0,0,1,0,1
I;226653;C;T,0,0,0,1,0,1
I;228050;T;C,0,0,0,1,0,1
I;228554;C;G,0,0,0,1,0,1
I;228564;G;C,0,0,0,1,0,1
